INSERT INTO auth_dept
(id, name)
VALUES
(1, 'Development'),
(2, 'Operations' );


INSERT INTO auth_user
(id, username, password, nickname, email, is_admin, is_staff, is_active, salt, is_deleted, dept_id)
VALUES
(1, 'admin', 'eda88570dad35bc024dfd5ab8ac23e56', 'Admin', 'admin@example.com', 1, 1, 1, '12345678', 0, 1),
(2, 'guest', 'b4258ca8ea34375760bd99375e75128e', 'Guest', 'guest@example.com', 0, 1, 1, '12345678', 0, 2);


INSERT INTO auth_role
(id, name)
VALUES
(1, 'Administrator'),
(2, 'Guest'        );


INSERT INTO auth_perm
(code, name, type, menu_id)
VALUES
('/api/auth/dept/add_dept',                                 'Auth - Departments - Add Department',                            1, 2  ),
('/api/auth/dept/delete_dept',                              'Auth - Departments - Delete Department',                         1, 2  ),
('/api/auth/dept/get_dept',                                 'Auth - Departments - Get Department',                            0, 2  ),
('/api/auth/dept/get_depts',                                'Auth - Departments - Get Departments',                           0, 2  ),
('/api/auth/dept/update_dept',                              'Auth - Departments - Update Department',                         1, 2  ),
('/api/auth/user/add_user',                                 'Auth - Users - Add User',                                        1, 3  ),
('/api/auth/user/assign_role',                              'Auth - Users - Assign Role',                                     1, 3  ),
('/api/auth/user/delete_user',                              'Auth - Users - Delete User',                                     1, 3  ),
('/api/auth/user/disable_user',                             'Auth - Users - Disable User',                                    1, 3  ),
('/api/auth/user/enable_user',                              'Auth - Users - Enable User',                                     1, 3  ),
('/api/auth/user/get_depts',                                'Auth - Users - Get Departments',                                 0, 3  ),
('/api/auth/user/get_perms',                                'Auth - Users - Get Permissions',                                 0, 3  ),
('/api/auth/user/get_roles',                                'Auth - Users - Get Roles',                                       0, 3  ),
('/api/auth/user/get_user',                                 'Auth - Users - Get User',                                        0, 3  ),
('/api/auth/user/get_users',                                'Auth - Users - Get Users',                                       0, 3  ),
('/api/auth/user/grant_perm',                               'Auth - Users - Grant Permission',                                1, 3  ),
('/api/auth/user/reset_password',                           'Auth - Users - Reset Password',                                  1, 3  ),
('/api/auth/user/update_user',                              'Auth - Users - Update User',                                     1, 3  ),
('/api/auth/role/add_role',                                 'Auth - Roles - Add Role',                                        1, 4  ),
('/api/auth/role/delete_role',                              'Auth - Roles - Delete Role',                                     1, 4  ),
('/api/auth/role/get_perms',                                'Auth - Roles - Get Permissions',                                 0, 4  ),
('/api/auth/role/get_role',                                 'Auth - Roles - Get Role',                                        0, 4  ),
('/api/auth/role/get_roles',                                'Auth - Roles - Get Roles',                                       0, 4  ),
('/api/auth/role/grant_perm',                               'Auth - Roles - Grant Permission',                                1, 4  ),
('/api/auth/role/update_role',                              'Auth - Roles - Update Role',                                     1, 4  ),
('/api/auth/perm/add_perm',                                 'Auth - Permissions - Add Permission',                            1, 5  ),
('/api/auth/perm/delete_perm',                              'Auth - Permissions - Delete Permission',                         1, 5  ),
('/api/auth/perm/get_menus',                                'Auth - Permissions - Get Menus',                                 0, 5  ),
('/api/auth/perm/get_perm',                                 'Auth - Permissions - Get Permission',                            0, 5  ),
('/api/auth/perm/get_perms',                                'Auth - Permissions - Get Permissions',                           0, 5  ),
('/api/auth/perm/update_perm',                              'Auth - Permissions - Update Permission',                         1, 5  ),
('/api/auth/menu/add_menu',                                 'Auth - Menus - Add Menu',                                        1, 6  ),
('/api/auth/menu/delete_menu',                              'Auth - Menus - Delete Menu',                                     1, 6  ),
('/api/auth/menu/get_menu',                                 'Auth - Menus - Get Menu',                                        0, 6  ),
('/api/auth/menu/get_menus',                                'Auth - Menus - Get Menus',                                       0, 6  ),
('/api/auth/menu/get_parent_menus',                         'Auth - Menus - Get Parent Menus',                                0, 6  ),
('/api/auth/menu/sort_menu',                                'Auth - Menus - Sort Menu',                                       1, 6  ),
('/api/auth/menu/update_menu',                              'Auth - Menus - Update Menu',                                     1, 6  ),
('/api/system/terminal/ws_open_terminal',                   'System - Terminal - WS Open Terminal',                           1, 102),
('/api/system/log/get_log',                                 'System - Logs - Get Log',                                        0, 103),
('/api/system/log/get_logs',                                'System - Logs - Get Logs',                                       0, 103),
('/api/linux/host/add_host',                                'Linux - Hosts - Add Host',                                       1, 202),
('/api/linux/host/delete_host',                             'Linux - Hosts - Delete Host',                                    1, 202),
('/api/linux/host/download_host_file',                      'Linux - Hosts - Download Host File',                             0, 202),
('/api/linux/host/get_host',                                'Linux - Hosts - Get Host',                                       0, 202),
('/api/linux/host/get_host_files',                          'Linux - Hosts - Get Host Files',                                 0, 202),
('/api/linux/host/get_hosts',                               'Linux - Hosts - Get Hosts',                                      0, 202),
('/api/linux/host/update_host',                             'Linux - Hosts - Update Host',                                    1, 202),
('/api/linux/host/update_host_file',                        'Linux - Hosts - Update Host File',                               1, 202),
('/api/linux/host/ws_open_host_terminal',                   'Linux - Hosts - WS Open Host Terminal',                          1, 202),
('/api/linux/service/add_service',                          'Linux - Services - Add Service',                                 1, 203),
('/api/linux/service/delete_service',                       'Linux - Services - Delete Service',                              1, 203),
('/api/linux/service/get_service',                          'Linux - Services - Get Service',                                 0, 203),
('/api/linux/service/get_services',                         'Linux - Services - Get Services',                                0, 203),
('/api/linux/service/update_service',                       'Linux - Services - Update Service',                              1, 203),
('/api/linux/service/ws_open_service_terminal',             'Linux - Services - WS Open Service Terminal',                    1, 203),
('/api/docker/server/add_server',                           'Docker - Servers - Add Server',                                  1, 302),
('/api/docker/server/delete_server',                        'Docker - Servers - Delete Server',                               1, 302),
('/api/docker/server/get_server',                           'Docker - Servers - Get Server',                                  0, 302),
('/api/docker/server/get_servers',                          'Docker - Servers - Get Servers',                                 0, 302),
('/api/docker/server/update_server',                        'Docker - Servers - Update Server',                               1, 302),
('/api/docker/image/get_images',                            'Docker - Images - Get Images',                                   0, 303),
('/api/docker/image/get_servers',                           'Docker - Images - Get Servers',                                  0, 303),
('/api/docker/image/inspect_image',                         'Docker - Images - Inspect Image',                                0, 303),
('/api/docker/container/download_container_file',           'Docker - Containers - Download Container File',                  0, 304),
('/api/docker/container/download_container_log',            'Docker - Containers - Download Container Log',                   0, 304),
('/api/docker/container/get_container_files',               'Docker - Containers - Get Container Files',                      0, 304),
('/api/docker/container/get_container_log',                 'Docker - Containers - Get Container Log',                        0, 304),
('/api/docker/container/get_containers',                    'Docker - Containers - Get Containers',                           0, 304),
('/api/docker/container/get_servers',                       'Docker - Containers - Get Servers',                              0, 304),
('/api/docker/container/inspect_container',                 'Docker - Containers - Inspect Container',                        0, 304),
('/api/docker/container/restart_container',                 'Docker - Containers - Restart Container',                        1, 304),
('/api/docker/container/upload_container_file',             'Docker - Containers - Upload Container File',                    1, 304),
('/api/docker/container/ws_open_container_terminal',        'Docker - Containers - WS Open Container Terminal',               1, 304),
('/api/docker/network/get_networks',                        'Docker - Networks - Get Networks',                               0, 305),
('/api/docker/network/get_servers',                         'Docker - Networks - Get Servers',                                0, 305),
('/api/docker/network/inspect_network',                     'Docker - Networks - Inspect Network',                            0, 305),
('/api/k8s/cluster/add_cluster',                            'Kubernetes - Clusters - Add Cluster',                            1, 402),
('/api/k8s/cluster/delete_cluster',                         'Kubernetes - Clusters - Delete Cluster',                         1, 402),
('/api/k8s/cluster/get_cluster',                            'Kubernetes - Clusters - Get Cluster',                            0, 402),
('/api/k8s/cluster/get_clusters',                           'Kubernetes - Clusters - Get Clusters',                           0, 402),
('/api/k8s/cluster/get_events',                             'Kubernetes - Clusters - Get Events',                             0, 402),
('/api/k8s/cluster/update_cluster',                         'Kubernetes - Clusters - Update Cluster',                         1, 402),
('/api/k8s/namespace/get_clusters',                         'Kubernetes - Namespaces - Get Clusters',                         0, 403),
('/api/k8s/namespace/get_namespace_yaml',                   'Kubernetes - Namespaces - Get Namespace YAML',                   0, 403),
('/api/k8s/namespace/get_namespaces',                       'Kubernetes - Namespaces - Get Namespaces',                       0, 403),
('/api/k8s/node/get_clusters',                              'Kubernetes - Nodes - Get Clusters',                              0, 404),
('/api/k8s/node/get_node_yaml',                             'Kubernetes - Nodes - Get Node YAML',                             0, 404),
('/api/k8s/node/get_nodes',                                 'Kubernetes - Nodes - Get Nodes',                                 0, 404),
('/api/k8s/pod/delete_pod',                                 'Kubernetes - Pods - Delete Pod',                                 1, 405),
('/api/k8s/pod/download_pod_file',                          'Kubernetes - Pods - Download Pod File',                          0, 405),
('/api/k8s/pod/download_pod_log',                           'Kubernetes - Pods - Download Pod Log',                           0, 405),
('/api/k8s/pod/get_clusters',                               'Kubernetes - Pods - Get Clusters',                               0, 405),
('/api/k8s/pod/get_namespaces',                             'Kubernetes - Pods - Get Namespaces',                             0, 405),
('/api/k8s/pod/get_pod_files',                              'Kubernetes - Pods - Get Pod Files',                              0, 405),
('/api/k8s/pod/get_pod_log',                                'Kubernetes - Pods - Get Pod Log',                                0, 405),
('/api/k8s/pod/get_pod_yaml',                               'Kubernetes - Pods - Get Pod YAML',                               0, 405),
('/api/k8s/pod/get_pods',                                   'Kubernetes - Pods - Get Pods',                                   0, 405),
('/api/k8s/pod/upload_pod_file',                            'Kubernetes - Pods - Upload Pod File',                            1, 405),
('/api/k8s/pod/ws_get_pod_log',                             'Kubernetes - Pods - WS Get Pod Log',                             0, 405),
('/api/k8s/pod/ws_open_pod_terminal',                       'Kubernetes - Pods - WS Open Pod Terminal',                       1, 405),
('/api/k8s/deployment/get_clusters',                        'Kubernetes - Deployments - Get Clusters',                        0, 406),
('/api/k8s/deployment/get_deployment_yaml',                 'Kubernetes - Deployments - Get Department YAML',                 0, 406),
('/api/k8s/deployment/get_deployments',                     'Kubernetes - Deployments - Get Departments',                     0, 406),
('/api/k8s/deployment/get_namespaces',                      'Kubernetes - Deployments - Get Namespaces',                      0, 406),
('/api/k8s/replicaset/get_clusters',                        'Kubernetes - ReplicaSets - Get Clusters',                        0, 407),
('/api/k8s/replicaset/get_namespaces',                      'Kubernetes - ReplicaSets - Get Namespaces',                      0, 407),
('/api/k8s/replicaset/get_replicaset_yaml',                 'Kubernetes - ReplicaSets - Get ReplicaSet YAML',                 0, 407),
('/api/k8s/replicaset/get_replicasets',                     'Kubernetes - ReplicaSets - Get ReplicaSets',                     0, 407),
('/api/k8s/statefulset/get_clusters',                       'Kubernetes - StatefulSets - Get Clusters',                       0, 408),
('/api/k8s/statefulset/get_namespaces',                     'Kubernetes - StatefulSets - Get Namespaces',                     0, 408),
('/api/k8s/statefulset/get_statefulset_yaml',               'Kubernetes - StatefulSets - Get StatefulSet YAML',               0, 408),
('/api/k8s/statefulset/get_statefulsets',                   'Kubernetes - StatefulSets - Get StatefulSets',                   0, 408),
('/api/k8s/daemonset/get_clusters',                         'Kubernetes - DaemonSets - Get Clusters',                         0, 409),
('/api/k8s/daemonset/get_daemonset_yaml',                   'Kubernetes - DaemonSets - Get DaemonSet YAML',                   0, 409),
('/api/k8s/daemonset/get_daemonsets',                       'Kubernetes - DaemonSets - Get DaemonSets',                       0, 409),
('/api/k8s/daemonset/get_namespaces',                       'Kubernetes - DaemonSets - Get Namespaces',                       0, 409),
('/api/k8s/job/get_clusters',                               'Kubernetes - Jobs - Get Clusters',                               0, 410),
('/api/k8s/job/get_job_yaml',                               'Kubernetes - Jobs - Get Job YAML',                               0, 410),
('/api/k8s/job/get_jobs',                                   'Kubernetes - Jobs - Get Jobs',                                   0, 410),
('/api/k8s/job/get_namespaces',                             'Kubernetes - Jobs - Get Namespaces',                             0, 410),
('/api/k8s/cronjob/get_clusters',                           'Kubernetes - CronJobs - Get Clusters',                           0, 411),
('/api/k8s/cronjob/get_cronjob_yaml',                       'Kubernetes - CronJobs - Get CronJob YAML',                       0, 411),
('/api/k8s/cronjob/get_cronjobs',                           'Kubernetes - CronJobs - Get CronJobs',                           0, 411),
('/api/k8s/cronjob/get_namespaces',                         'Kubernetes - CronJobs - Get Namespaces',                         0, 411),
('/api/k8s/service/get_clusters',                           'Kubernetes - Services - Get Clusters',                           0, 412),
('/api/k8s/service/get_namespaces',                         'Kubernetes - Services - Get Namespaces',                         0, 412),
('/api/k8s/service/get_service_yaml',                       'Kubernetes - Services - Get Service YAML',                       0, 412),
('/api/k8s/service/get_services',                           'Kubernetes - Services - Get Services',                           0, 412),
('/api/k8s/endpoint/get_clusters',                          'Kubernetes - Endpoints - Get Clusters',                          0, 413),
('/api/k8s/endpoint/get_endpoint_yaml',                     'Kubernetes - Endpoints - Get Endpoint YAML',                     0, 413),
('/api/k8s/endpoint/get_endpoints',                         'Kubernetes - Endpoints - Get Endpoints',                         0, 413),
('/api/k8s/endpoint/get_namespaces',                        'Kubernetes - Endpoints - Get Namespaces',                        0, 413),
('/api/k8s/ingress/get_clusters',                           'Kubernetes - Ingresses - Get Clusters',                          0, 414),
('/api/k8s/ingress/get_ingress_yaml',                       'Kubernetes - Ingresses - Get Ingress YAML',                      0, 414),
('/api/k8s/ingress/get_ingresses',                          'Kubernetes - Ingresses - Get Ingresses',                         0, 414),
('/api/k8s/ingress/get_namespaces',                         'Kubernetes - Ingresses - Get Namespaces',                        0, 414),
('/api/k8s/pv/get_clusters',                                'Kubernetes - PVs - Get Clusters',                                0, 415),
('/api/k8s/pv/get_pv_yaml',                                 'Kubernetes - PVs - Get PV YAML',                                 0, 415),
('/api/k8s/pv/get_pvs',                                     'Kubernetes - PVs - Get PVs',                                     0, 415),
('/api/k8s/pvc/get_clusters',                               'Kubernetes - PVCs - Get Clusters',                               0, 416),
('/api/k8s/pvc/get_namespaces',                             'Kubernetes - PVCs - Get Namespaces',                             0, 416),
('/api/k8s/pvc/get_pvc_yaml',                               'Kubernetes - PVCs - Get PVC YAML',                               0, 416),
('/api/k8s/pvc/get_pvcs',                                   'Kubernetes - PVCs - Get PVCs',                                   0, 416),
('/api/k8s/storageclass/get_clusters',                      'Kubernetes - StorageClasses - Get Clusters',                     0, 417),
('/api/k8s/storageclass/get_storageclass_yaml',             'Kubernetes - StorageClasses - Get StorageClass YAML',            0, 417),
('/api/k8s/storageclass/get_storageclasses',                'Kubernetes - StorageClasses - Get StorageClasses',               0, 417),
('/api/k8s/configmap/get_clusters',                         'Kubernetes - ConfigMaps - Get Clusters',                         0, 418),
('/api/k8s/configmap/get_configmap_yaml',                   'Kubernetes - ConfigMaps - Get ConfigMap YAML',                   0, 418),
('/api/k8s/configmap/get_configmaps',                       'Kubernetes - ConfigMaps - Get ConfigMaps',                       0, 418),
('/api/k8s/configmap/get_namespaces',                       'Kubernetes - ConfigMaps - Get Namespaces',                       0, 418),
('/api/k8s/secret/get_clusters',                            'Kubernetes - Secrets - Get Clusters',                            0, 419),
('/api/k8s/secret/get_namespaces',                          'Kubernetes - Secrets - Get Namespaces',                          0, 419),
('/api/k8s/secret/get_secret_yaml',                         'Kubernetes - Secrets - Get Secret YAML',                         0, 419),
('/api/k8s/secret/get_secrets',                             'Kubernetes - Secrets - Get Secrets',                             0, 419),
('/api/k8s/serviceaccount/get_clusters',                    'Kubernetes - ServiceAccounts - Get Clusters',                    0, 420),
('/api/k8s/serviceaccount/get_namespaces',                  'Kubernetes - ServiceAccounts - Get Namespaces',                  0, 420),
('/api/k8s/serviceaccount/get_serviceaccount_yaml',         'Kubernetes - ServiceAccounts - Get ServiceAccount YAML',         0, 420),
('/api/k8s/serviceaccount/get_serviceaccounts',             'Kubernetes - ServiceAccounts - Get ServiceAccounts',             0, 420),
('/api/k8s/role/get_clusters',                              'Kubernetes - Roles - Get Clusters',                              0, 421),
('/api/k8s/role/get_namespaces',                            'Kubernetes - Roles - Get Namespaces',                            0, 421),
('/api/k8s/role/get_role_yaml',                             'Kubernetes - Roles - Get Role YAML',                             0, 421),
('/api/k8s/role/get_roles',                                 'Kubernetes - Roles - Get Roles',                                 0, 421),
('/api/k8s/rolebinding/get_clusters',                       'Kubernetes - RoleBindings - Get Clusters',                       0, 422),
('/api/k8s/rolebinding/get_namespaces',                     'Kubernetes - RoleBindings - Get Namespaces',                     0, 422),
('/api/k8s/rolebinding/get_rolebinding_yaml',               'Kubernetes - RoleBindings - Get RoleBinding YAML',               0, 422),
('/api/k8s/rolebinding/get_rolebindings',                   'Kubernetes - RoleBindings - Get RoleBindings',                   0, 422),
('/api/k8s/clusterrole/get_clusterrole_yaml',               'Kubernetes - ClusterRoles - Get ClusterRole YAML',               0, 423),
('/api/k8s/clusterrole/get_clusterroles',                   'Kubernetes - ClusterRoles - Get ClusterRoles',                   0, 423),
('/api/k8s/clusterrole/get_clusters',                       'Kubernetes - ClusterRoles - Get Clusters',                       0, 423),
('/api/k8s/clusterrolebinding/get_clusterrolebinding_yaml', 'Kubernetes - ClusterRoleBindings - Get ClusterRoleBinding YAML', 0, 424),
('/api/k8s/clusterrolebinding/get_clusterrolebindings',     'Kubernetes - ClusterRoleBindings - Get ClusterRoleBindings',     0, 424),
('/api/k8s/clusterrolebinding/get_clusters',                'Kubernetes - ClusterRoleBindings - Get Clusters',                0, 424);


INSERT INTO auth_menu
(id, code, name, sort, is_virtual, parent_menu_id)
VALUES
(1,   'auth',                   'Auth',                51, 0, NULL),
(2,   'auth_dept',              'Departments',         52, 0, 1   ),
(3,   'auth_user',              'Users',               53, 0, 1   ),
(4,   'auth_role',              'Roles',               54, 0, 1   ),
(5,   'auth_perm',              'Permissions',         55, 0, 1   ),
(6,   'auth_menu',              'Menus',               56, 0, 1   ),
(101, 'system',                 'System',              61, 0, NULL),
(102, 'system_terminal',        'Terminal',            62, 1, 101 ),
(103, 'system_log',             'Logs',                63, 0, 101 ),
(201, 'linux',                  'Linux',               1,  0, NULL),
(202, 'linux_host',             'Hosts',               2,  0, 201 ),
(203, 'linux_service',          'Services',            3,  0, 201 ),
(301, 'docker',                 'Docker',              11, 0, NULL),
(302, 'docker_server',          'Servers',             12, 0, 301 ),
(303, 'docker_image',           'Images',              13, 0, 301 ),
(304, 'docker_container',       'Containers',          14, 0, 301 ),
(305, 'docker_network',         'Networks',            15, 0, 301 ),
(401, 'k8s',                    'Kubernetes',          21, 0, NULL),
(402, 'k8s_cluster',            'Clusters',            22, 0, 401 ),
(403, 'k8s_namespace',          'Namespaces',          23, 0, 401 ),
(404, 'k8s_node',               'Nodes',               24, 0, 401 ),
(405, 'k8s_pod',                'Pods',                25, 0, 401 ),
(406, 'k8s_deployment',         'Deployments',         26, 0, 401 ),
(407, 'k8s_replicaset',         'ReplicaSets',         27, 0, 401 ),
(408, 'k8s_statefulset',        'StatefulSets',        28, 0, 401 ),
(409, 'k8s_daemonset',          'DaemonSets',          29, 0, 401 ),
(410, 'k8s_job',                'Jobs',                30, 0, 401 ),
(411, 'k8s_cronjob',            'CronJobs',            31, 0, 401 ),
(412, 'k8s_service',            'Services',            32, 0, 401 ),
(413, 'k8s_endpoint',           'Endpoints',           33, 0, 401 ),
(414, 'k8s_ingress',            'Ingresses',           34, 0, 401 ),
(415, 'k8s_pv',                 'PVs',                 35, 0, 401 ),
(416, 'k8s_pvc',                'PVCs',                36, 0, 401 ),
(417, 'k8s_storageclass',       'StorageClasses',      37, 0, 401 ),
(418, 'k8s_configmap',          'ConfigMaps',          38, 0, 401 ),
(419, 'k8s_secret',             'Secrets',             39, 0, 401 ),
(420, 'k8s_serviceaccount',     'ServiceAccounts',     40, 0, 401 ),
(421, 'k8s_role',               'Roles',               41, 0, 401 ),
(422, 'k8s_rolebinding',        'RoleBindings',        42, 0, 401 ),
(423, 'k8s_clusterrole',        'ClusterRoles',        43, 0, 401 ),
(424, 'k8s_clusterrolebinding', 'ClusterRoleBindings', 44, 0, 401 );

INSERT INTO auth_user_role
(user_id, role_id)
VALUES
(1, 1),
(2, 2);
